kelurahan_id,provinsi_name,kabupaten_name,kecamatan_name,kelurahan_name,numVisit
3217008001.0,Jawa Barat,Bandung Barat,Padalarang,Kertamulya,420
3204032001.0,Jawa Barat,Bandung,Baleendah,Baleendah,403
3204012004.0,Jawa Barat,Bandung,Dayeuhkolot,Cangkuang Kulon,365
3273001002.0,Jawa Barat,Kota Bandung,Sukasari,Gegerkalong,363
3204009005.0,Jawa Barat,Bandung,Margahayu,Sayati,314
3273001004.0,Jawa Barat,Kota Bandung,Sukasari,Sarijadi,312
3273013002.0,Jawa Barat,Kota Bandung,Lengkong,Lingkar Selatan,275
3204032006.0,Jawa Barat,Bandung,Baleendah,Rancamanyar,266
3217008007.0,Jawa Barat,Bandung Barat,Padalarang,Kertajaya,239
3204009002.0,Jawa Barat,Bandung,Margahayu,Magahayu Selatan,238
3204035006.0,Jawa Barat,Bandung,Paseh,Sindangsari,214
3204008004.0,Jawa Barat,Bandung,Bojongsoang,Cipagalo,167
3273009002.0,Jawa Barat,Kota Bandung,Bandung Wetan,Taman Sari,167
3273009003.0,Jawa Barat,Kota Bandung,Bandung Wetan,Citarum,167
3273007001.0,Jawa Barat,Kota Bandung,Sukajadi,Pasteur,166
3204011001.0,Jawa Barat,Bandung,Katapang,Sangkanhurip,163
3204012005.0,Jawa Barat,Bandung,Dayeuhkolot,Sukapura,157
3273002003.0,Jawa Barat,Kota Bandung,Coblong,Sadang Serang,153
3217009002.0,Jawa Barat,Bandung Barat,Batujajar,Batujajar Barat,153
3217006004.0,Jawa Barat,Bandung Barat,Ngamprah,Tanimulya,152
3204032005.0,Jawa Barat,Bandung,Baleendah,Bojongmalaka,151
3204011007.0,Jawa Barat,Bandung,Katapang,Cilampeni,145
3273013005.0,Jawa Barat,Kota Bandung,Lengkong,Turangga,143
3273016002.0,Jawa Barat,Kota Bandung,Kiaracondong,Kebon Jayanti,143
3273022002.0,Jawa Barat,Kota Bandung,Buahbatu,Margasari,140
3273022003.0,Jawa Barat,Kota Bandung,Buahbatu,Cijaura,140
3273021001.0,Jawa Barat,Kota Bandung,Bandung Kidul,Batununggal,135
3273021003.0,Jawa Barat,Kota Bandung,Bandung Kidul,Mengger,132
3273001003.0,Jawa Barat,Kota Bandung,Sukasari,Isola,130
3273002002.0,Jawa Barat,Kota Bandung,Coblong,Lebak Gede,129
3273011004.0,Jawa Barat,Kota Bandung,Regol,Balong Gede,127
3204009003.0,Jawa Barat,Bandung,Margahayu,Sukamenak,126
3273023003.0,Jawa Barat,Kota Bandung,Rancasari,Manjahlega,125
3217008006.0,Jawa Barat,Bandung Barat,Padalarang,Ciburuy,123
3204010001.0,Jawa Barat,Bandung,Margaasih,Margaasih,122
3217008002.0,Jawa Barat,Bandung Barat,Padalarang,Padalarang,122
3204014005.0,Jawa Barat,Bandung,Pameungpeuk,Rancamulya,120
3204010005.0,Jawa Barat,Bandung,Margaasih,Rahayu,118
3273016005.0,Jawa Barat,Kota Bandung,Kiaracondong,Babakan Sari,116
3273009001.0,Jawa Barat,Kota Bandung,Bandung Wetan,Cihapit,116
3217006003.0,Jawa Barat,Bandung Barat,Ngamprah,Cilame,115
3204010004.0,Jawa Barat,Bandung,Margaasih,Mekarrahayu,113
3217010003.0,Jawa Barat,Bandung Barat,Cihampelas,Cihampelas,103
3273011001.0,Jawa Barat,Kota Bandung,Regol,Cigereleng,101
3204037019.0,Jawa Barat,Bandung,Soreang,Cingcin,101
3273015005.0,Jawa Barat,Kota Bandung,Bandung Kulon,Cigondewah Kaler,100
3273023004.0,Jawa Barat,Kota Bandung,Rancasari,Mekarmulya,96
3273002005.0,Jawa Barat,Kota Bandung,Coblong,Sekeloa,96
3273018002.0,Jawa Barat,Kota Bandung,Cibeunying Kaler,Sukaluyu,94
3273021004.0,Jawa Barat,Kota Bandung,Bandung Kidul,Kujangsari,92
3273016001.0,Jawa Barat,Kota Bandung,Kiaracondong,Sukapura,91
3204014004.0,Jawa Barat,Bandung,Pameungpeuk,Bojongkunci,91
3217011001.0,Jawa Barat,Bandung Barat,Cililin,Cililin,89
3273017001.0,Jawa Barat,Kota Bandung,Bojongloa Kidul,Situsaeur,88
3273006006.0,Jawa Barat,Kota Bandung,Cicendo,Sukaraja,86
3204032002.0,Jawa Barat,Bandung,Baleendah,Andir,86
3273007003.0,Jawa Barat,Kota Bandung,Sukajadi,Sukawarna,85
3273015001.0,Jawa Barat,Kota Bandung,Bandung Kulon,Cijerah,84
3204037001.0,Jawa Barat,Bandung,Soreang,Soreang,84
3273010006.0,Jawa Barat,Kota Bandung,Astana Anyar,Pelindung Hewan,84
3217001003.0,Jawa Barat,Bandung Barat,Lembang,Lembang,82
3204032003.0,Jawa Barat,Bandung,Baleendah,Manggahang,78
3273019003.0,Jawa Barat,Kota Bandung,Sumur Bandung,Kebon Pisang,77
3273023001.0,Jawa Barat,Kota Bandung,Rancasari,Cipamokolan,77
3204012006.0,Jawa Barat,Bandung,Dayeuhkolot,Citeureup,77
3273022001.0,Jawa Barat,Kota Bandung,Buahbatu,Sekejati,76
3217009004.0,Jawa Barat,Bandung Barat,Batujajar,Galanggang,76
3273017003.0,Jawa Barat,Kota Bandung,Bojongloa Kidul,Cibaduyut,75
3273004001.0,Jawa Barat,Kota Bandung,Bojongloa Kaler,Kopo,75
3273011006.0,Jawa Barat,Kota Bandung,Regol,Ciateul,74
3273011002.0,Jawa Barat,Kota Bandung,Regol,Ancol,73
3217002006.0,Jawa Barat,Bandung Barat,Parongpong,Cigugurgirang,73
3273017002.0,Jawa Barat,Kota Bandung,Bojongloa Kidul,Kebon Lega,72
3217002005.0,Jawa Barat,Bandung Barat,Parongpong,Ciwaruga,70
3204011008.0,Jawa Barat,Bandung,Katapang,Pangauban,70
3204008002.0,Jawa Barat,Bandung,Bojongsoang,Bojongsoang,69
3204011006.0,Jawa Barat,Bandung,Katapang,Sukamukti,64
3273019002.0,Jawa Barat,Kota Bandung,Sumur Bandung,Merdeka,64
3273020004.0,Jawa Barat,Kota Bandung,Antapani,Antapani Tengah,63
3273016003.0,Jawa Barat,Kota Bandung,Kiaracondong,Babakan Surabaya,63
3273002006.0,Jawa Barat,Kota Bandung,Coblong,Lebak Siliwangi,62
3273005004.0,Jawa Barat,Kota Bandung,Andir,Kebon Jeruk,61
3273015006.0,Jawa Barat,Kota Bandung,Bandung Kulon,Gempol Sari,60
3273010002.0,Jawa Barat,Kota Bandung,Astana Anyar,Nyengseret,59
3273019004.0,Jawa Barat,Kota Bandung,Sumur Bandung,Babakan Ciamis,58
3217006002.0,Jawa Barat,Bandung Barat,Ngamprah,Cimareme,58
3204032004.0,Jawa Barat,Bandung,Baleendah,Jelekong,58
3273013006.0,Jawa Barat,Kota Bandung,Lengkong,Malabar,56
3273030001.0,Jawa Barat,Kota Bandung,Mandalajati,Jatihandap,56
3204008001.0,Jawa Barat,Bandung,Bojongsoang,Lengkong,55
3204037011.0,Jawa Barat,Bandung,Soreang,Pamekaran,55
3217004001.0,Jawa Barat,Bandung Barat,Cikalongwetan,Ciptagumati,54
3204011004.0,Jawa Barat,Bandung,Katapang,Gandasari,51
3273016006.0,Jawa Barat,Kota Bandung,Kiaracondong,Kebon Kangkung,51
3204014002.0,Jawa Barat,Bandung,Pameungpeuk,Bojongmanggu,50
3273008002.0,Jawa Barat,Kota Bandung,Cidadap,Ciumbuleuit,50
3217002002.0,Jawa Barat,Bandung Barat,Parongpong,Cihanjuang,50
3204035009.0,Jawa Barat,Bandung,Paseh,Sukamantri,49
3204039002.0,Jawa Barat,Bandung,Ciwidey,Ciwidey,49
3273006003.0,Jawa Barat,Kota Bandung,Cicendo,Pajajaran,47
3273010001.0,Jawa Barat,Kota Bandung,Astana Anyar,Karasak,46
3217003001.0,Jawa Barat,Bandung Barat,Cisarua,Jambudipa,46
3217009001.0,Jawa Barat,Bandung Barat,Batujajar,Batujajar Timur,45
3273025002.0,Jawa Barat,Kota Bandung,Cibiru,Cipadung,45
3273010003.0,Jawa Barat,Kota Bandung,Astana Anyar,Karang Anyar,44
3273018001.0,Jawa Barat,Kota Bandung,Cibeunying Kaler,Cihaur Geulis,44
3273004005.0,Jawa Barat,Kota Bandung,Bojongloa Kaler,Suka Asih,44
3273007004.0,Jawa Barat,Kota Bandung,Sukajadi,Sukagalih,44
3273003002.0,Jawa Barat,Kota Bandung,Babakan Ciparay,Babakan,43
3273028002.0,Jawa Barat,Kota Bandung,Panyileukan,Cipadung Kidul,43
3273011007.0,Jawa Barat,Kota Bandung,Regol,Pasirluyu,42
3217006009.0,Jawa Barat,Bandung Barat,Ngamprah,Gadobangkong,42
3204032007.0,Jawa Barat,Bandung,Baleendah,Malakasari,42
3273016004.0,Jawa Barat,Kota Bandung,Kiaracondong,Cicaheum,41
3273020005.0,Jawa Barat,Kota Bandung,Antapani,Antapani Kidul,41
3217008004.0,Jawa Barat,Bandung Barat,Padalarang,Campaka Mekar,41
3273017004.0,Jawa Barat,Kota Bandung,Bojongloa Kidul,Mekar Wangi,40
3273011003.0,Jawa Barat,Kota Bandung,Regol,Pungkur,40
3217009010.0,Jawa Barat,Bandung Barat,Batujajar,Giriasih,39
3217009007.0,Jawa Barat,Bandung Barat,Batujajar,Selacau,39
3217002007.0,Jawa Barat,Bandung Barat,Parongpong,Sariwangi,39
3217010005.0,Jawa Barat,Bandung Barat,Cihampelas,Mekarmukti,39
3204011009.0,Jawa Barat,Bandung,Katapang,Banyusari,38
3273013007.0,Jawa Barat,Kota Bandung,Lengkong,Cikawao,38
3204012001.0,Jawa Barat,Bandung,Dayeuhkolot,Pasawahan,37
3273014003.0,Jawa Barat,Kota Bandung,Cibeunying Kidul,Cicadas,37
3273002001.0,Jawa Barat,Kota Bandung,Coblong,Cipaganti,37
3217004007.0,Jawa Barat,Bandung Barat,Cikalongwetan,Mandalasari,37
3217007003.0,Jawa Barat,Bandung Barat,Cipatat,Citatah,37
3273012001.0,Jawa Barat,Kota Bandung,Batununggal,Gumuruh,36
3204005004.0,Jawa Barat,Bandung,Cileunyi,Cinunuk,36
3204012003.0,Jawa Barat,Bandung,Dayeuhkolot,Cangkuang Wetan,36
3217008008.0,Jawa Barat,Bandung Barat,Padalarang,Cipeundeuy,36
3217003002.0,Jawa Barat,Bandung Barat,Cisarua,Padaasih,36
3273011005.0,Jawa Barat,Kota Bandung,Regol,Ciseureuh,35
3204033001.0,Jawa Barat,Bandung,Majalaya,Majalaya,35
3204014001.0,Jawa Barat,Bandung,Pameungpeuk,Sukasari,35
3217008009.0,Jawa Barat,Bandung Barat,Padalarang,Jayamekar,35
3204013003.0,Jawa Barat,Bandung,Banjaran,Banjaran Kulon,34
3273013003.0,Jawa Barat,Kota Bandung,Lengkong,Burangrang,34
3273012005.0,Jawa Barat,Kota Bandung,Batununggal,Kebon Waru,34
3273012007.0,Jawa Barat,Kota Bandung,Batununggal,Samoja,33
3273015007.0,Jawa Barat,Kota Bandung,Bandung Kulon,Cigondewah Rahayu,32
3217009008.0,Jawa Barat,Bandung Barat,Batujajar,Pangauban,32
3204009001.0,Jawa Barat,Bandung,Margahayu,Margahayu Tengah,32
3204017002.0,Jawa Barat,Bandung,Cimaung,Jagabaya,32
3273004002.0,Jawa Barat,Kota Bandung,Bojongloa Kaler,Babakan Tarogong,32
3204011002.0,Jawa Barat,Bandung,Katapang,Katapang,31
3204029006.0,Jawa Barat,Bandung,Ciparay,Pakutandang,31
3217011011.0,Jawa Barat,Bandung Barat,Cililin,Rancapanggung,31
3217010002.0,Jawa Barat,Bandung Barat,Cihampelas,Citapen,31
3273003004.0,Jawa Barat,Kota Bandung,Babakan Ciparay,Margahayu Utara,30
3204044002.0,Jawa Barat,Bandung,Cangkuang,Ciluncat,30
3273013001.0,Jawa Barat,Kota Bandung,Lengkong,Cijagra,30
3273012003.0,Jawa Barat,Kota Bandung,Batununggal,Cibangkong,30
3204008003.0,Jawa Barat,Bandung,Bojongsoang,Buahbatu,30
3204014006.0,Jawa Barat,Bandung,Pameungpeuk,Langonsari,29
3204017001.0,Jawa Barat,Bandung,Cimaung,Cimaung,29
3273026005.0,Jawa Barat,Kota Bandung,Ujungberung,Pasirwangi,29
3273024003.0,Jawa Barat,Kota Bandung,Arcamanik,Cisaranten Kulon,28
3217010001.0,Jawa Barat,Bandung Barat,Cihampelas,Cipatik,28
3273003006.0,Jawa Barat,Kota Bandung,Babakan Ciparay,Cirangrang,28
3204005005.0,Jawa Barat,Bandung,Cileunyi,Cibiru Hilir,27
3217004008.0,Jawa Barat,Bandung Barat,Cikalongwetan,Mandalamukti,27
3273014004.0,Jawa Barat,Kota Bandung,Cibeunying Kidul,Sukamaju,27
3204034007.0,Jawa Barat,Bandung,Solokanjeruk,Langensari,27
3204016003.0,Jawa Barat,Bandung,Arjasari,Batukarut,26
3273005006.0,Jawa Barat,Kota Bandung,Andir,Campaka,26
3217007007.0,Jawa Barat,Bandung Barat,Cipatat,Nyalindung,26
3217012003.0,Jawa Barat,Bandung Barat,Cipongkor,Citalem,26
3204013007.0,Jawa Barat,Bandung,Banjaran,Kiangroke,26
3204010002.0,Jawa Barat,Bandung,Margaasih,Lagadar,25
3217011003.0,Jawa Barat,Bandung Barat,Cililin,Batulayang,25
3217001016.0,Jawa Barat,Bandung Barat,Lembang,Wangunsari,25
3204013002.0,Jawa Barat,Bandung,Banjaran,Banjaran Wetan,25
3273014001.0,Jawa Barat,Kota Bandung,Cibeunying Kidul,Padasuka,25
3217008010.0,Jawa Barat,Bandung Barat,Padalarang,Laksanamekar,25
3273004004.0,Jawa Barat,Kota Bandung,Bojongloa Kaler,Babakan Asih,24
3273014005.0,Jawa Barat,Kota Bandung,Cibeunying Kidul,Sukapada,24
3204010003.0,Jawa Barat,Bandung,Margaasih,Nanjung,24
3273020006.0,Jawa Barat,Kota Bandung,Antapani,Antapani Wetan,24
3204037002.0,Jawa Barat,Bandung,Soreang,Sadu,24
3204046003.0,Jawa Barat,Bandung,Kutawaringin,Pameuntasan,24
3217004002.0,Jawa Barat,Bandung Barat,Cikalongwetan,Cikalong,24
3273012008.0,Jawa Barat,Kota Bandung,Batununggal,Binong,23
3273015002.0,Jawa Barat,Kota Bandung,Bandung Kulon,Cibuntu,23
3204035005.0,Jawa Barat,Bandung,Paseh,Cipaku,23
3204037020.0,Jawa Barat,Bandung,Soreang,Parungserab,23
3217010007.0,Jawa Barat,Bandung Barat,Cihampelas,Situwangi,23
3273015004.0,Jawa Barat,Kota Bandung,Bandung Kulon,Caringin,23
3217010006.0,Jawa Barat,Bandung Barat,Cihampelas,Pataruman,22
3273006001.0,Jawa Barat,Kota Bandung,Cicendo,Husein Sastranegara,22
3204016011.0,Jawa Barat,Bandung,Arjasari,Wargaluyu,22
3217007008.0,Jawa Barat,Bandung Barat,Cipatat,Gunungmasigit,22
3273018003.0,Jawa Barat,Kota Bandung,Cibeunying Kaler,Neglasari,22
3204036010.0,Jawa Barat,Bandung,Ibun,Tangulun,22
3273023002.0,Jawa Barat,Kota Bandung,Rancasari,Derwati,22
3204015001.0,Jawa Barat,Bandung,Pangalengan,Pangalengan,21
3204028007.0,Jawa Barat,Bandung,Rancaekek,Cangkuang,21
3217006008.0,Jawa Barat,Bandung Barat,Ngamprah,Mekarsari,20
3204016002.0,Jawa Barat,Bandung,Arjasari,Lebakwangi,20
3204036006.0,Jawa Barat,Bandung,Ibun,Lampegan,20
3204016001.0,Jawa Barat,Bandung,Arjasari,Arjasari,20
3204005006.0,Jawa Barat,Bandung,Cileunyi,Cibiru Wetan,20
3273029004.0,Jawa Barat,Kota Bandung,Cinambo,Babakan Penghulu,20
3273003001.0,Jawa Barat,Kota Bandung,Babakan Ciparay,Babakan Ciparay,20
3204009004.0,Jawa Barat,Bandung,Margahayu,Sulaiman,19
3273014002.0,Jawa Barat,Kota Bandung,Cibeunying Kidul,Cikutra,19
3217004004.0,Jawa Barat,Bandung Barat,Cikalongwetan,Cisomangbarat,19
3273001001.0,Jawa Barat,Kota Bandung,Sukasari,Sukarasa,19
3217001001.0,Jawa Barat,Bandung Barat,Lembang,Pagerwangi,19
3217005001.0,Jawa Barat,Bandung Barat,Cipeundeuy,Cipeundeuy,19
3273002004.0,Jawa Barat,Kota Bandung,Coblong,Dago,18
3217006006.0,Jawa Barat,Bandung Barat,Ngamprah,Bojongkoneng,18
3204028014.0,Jawa Barat,Bandung,Rancaekek,Rancaekek Kencana,18
3273028004.0,Jawa Barat,Kota Bandung,Panyileukan,Mekar Mulya,18
3217006007.0,Jawa Barat,Bandung Barat,Ngamprah,Margajaya,18
3217002003.0,Jawa Barat,Bandung Barat,Parongpong,Cihanjuangrahayu,18
3204013008.0,Jawa Barat,Bandung,Banjaran,Tarajusari,17
3273005003.0,Jawa Barat,Kota Bandung,Andir,Ciroyom,17
3217010004.0,Jawa Barat,Bandung Barat,Cihampelas,Mekarjaya,17
3273025003.0,Jawa Barat,Kota Bandung,Cibiru,Pasir Biru,17
3204039007.0,Jawa Barat,Bandung,Ciwidey,Sukawening,17
3273008001.0,Jawa Barat,Kota Bandung,Cidadap,Hegarmanah,17
3217014005.0,Jawa Barat,Bandung Barat,Sindangkerta,Cicangkanggirang,17
3204025002.0,Jawa Barat,Bandung,Cicalengka,Cicalengka Wetan,17
3273019001.0,Jawa Barat,Kota Bandung,Sumur Bandung,Braga,17
3273022004.0,Jawa Barat,Kota Bandung,Buahbatu,Jati Sari,17
3217003006.0,Jawa Barat,Bandung Barat,Cisarua,Kertawangi,16
3273003003.0,Jawa Barat,Kota Bandung,Babakan Ciparay,Sukahaji,16
3204034001.0,Jawa Barat,Bandung,Solokanjeruk,Rancakasumba,16
3273024001.0,Jawa Barat,Kota Bandung,Arcamanik,Sukamiskin,16
3273012002.0,Jawa Barat,Kota Bandung,Batununggal,Maleer,16
3204033006.0,Jawa Barat,Bandung,Majalaya,Majasetra,15
3204033004.0,Jawa Barat,Bandung,Majalaya,Padamulya,15
3204005003.0,Jawa Barat,Bandung,Cileunyi,Cimekar,15
3273026004.0,Jawa Barat,Kota Bandung,Ujungberung,Cigending,15
3217010008.0,Jawa Barat,Bandung Barat,Cihampelas,Singajaya,15
3217006001.0,Jawa Barat,Bandung Barat,Ngamprah,Ngamprah,15
3273003005.0,Jawa Barat,Kota Bandung,Babakan Ciparay,Margasuka,15
3204013016.0,Jawa Barat,Bandung,Banjaran,Neglasari,15
3217004011.0,Jawa Barat,Bandung Barat,Cikalongwetan,Rende,15
3217007001.0,Jawa Barat,Bandung Barat,Cipatat,Ciptaharja,15
3273005001.0,Jawa Barat,Kota Bandung,Andir,Maleber,15
3204007001.0,Jawa Barat,Bandung,Cilengkrang,Jatiendah,15
3204029008.0,Jawa Barat,Bandung,Ciparay,Mangunharja,15
3204046001.0,Jawa Barat,Bandung,Kutawaringin,Jelegong,15
3204013013.0,Jawa Barat,Bandung,Banjaran,Margahurip,15
3273015003.0,Jawa Barat,Kota Bandung,Bandung Kulon,Warung Muncang,14
3273027004.0,Jawa Barat,Kota Bandung,Gedebage,Rancanumpang,14
3204012002.0,Jawa Barat,Bandung,Dayeuhkolot,Dayeuhkolot,14
3273012006.0,Jawa Barat,Kota Bandung,Batununggal,Kebon Gedang,14
3273027002.0,Jawa Barat,Kota Bandung,Gedebage,Cisantren Kidul,14
3217016001.0,Jawa Barat,Bandung Barat,Saguling,Cikande,14
3217011009.0,Jawa Barat,Bandung Barat,Cililin,Mukapayung,14
3204046004.0,Jawa Barat,Bandung,Kutawaringin,Kopo,14
3204039005.0,Jawa Barat,Bandung,Ciwidey,Panyocokan,14
3204008005.0,Jawa Barat,Bandung,Bojongsoang,Bojongsari,14
3273010005.0,Jawa Barat,Kota Bandung,Astana Anyar,Cibadak,13
3273028003.0,Jawa Barat,Kota Bandung,Panyileukan,Cipadung Wetan,13
3204037004.0,Jawa Barat,Bandung,Soreang,Panyirapan,13
3204033002.0,Jawa Barat,Bandung,Majalaya,Wangisagara,13
3217005011.0,Jawa Barat,Bandung Barat,Cipeundeuy,Sirnagalih,13
3204037021.0,Jawa Barat,Bandung,Soreang,Sekarwangi,13
3217001008.0,Jawa Barat,Bandung Barat,Lembang,Jayagiri,13
3204039001.0,Jawa Barat,Bandung,Ciwidey,Lebakmuncang,13
3217004013.0,Jawa Barat,Bandung Barat,Cikalongwetan,Wangunjaya,13
3273005005.0,Jawa Barat,Kota Bandung,Andir,Garuda,13
3217001013.0,Jawa Barat,Bandung Barat,Lembang,Sukajaya,13
3204029002.0,Jawa Barat,Bandung,Ciparay,Gunungleutik,13
3273030004.0,Jawa Barat,Kota Bandung,Mandalajati,Sindang Jaya,13
3273006004.0,Jawa Barat,Kota Bandung,Cicendo,Pasirkaliki,12
3204017005.0,Jawa Barat,Bandung,Cimaung,Cipinang,12
3204029013.0,Jawa Barat,Bandung,Ciparay,Bumiwangi,12
3204044005.0,Jawa Barat,Bandung,Cangkuang,Pananjung,12
3204013001.0,Jawa Barat,Bandung,Banjaran,Kamasan,12
3273013004.0,Jawa Barat,Kota Bandung,Lengkong,Paledang,12
3217008005.0,Jawa Barat,Bandung Barat,Padalarang,Tagogapu,12
3217015001.0,Jawa Barat,Bandung Barat,Gununghalu,Sirnajaya,12
3204033011.0,Jawa Barat,Bandung,Majalaya,Sukamukti,12
3217016004.0,Jawa Barat,Bandung Barat,Saguling,Bojonghaleuang,12
3273004003.0,Jawa Barat,Kota Bandung,Bojongloa Kaler,Jamika,12
3273030003.0,Jawa Barat,Kota Bandung,Mandalajati,Pasir Impun,12
3273026003.0,Jawa Barat,Kota Bandung,Ujungberung,Pasir Endah,11
3273006002.0,Jawa Barat,Kota Bandung,Cicendo,Arjuna,11
3273020001.0,Jawa Barat,Kota Bandung,Antapani,Antapani Kulon,11
3217012012.0,Jawa Barat,Bandung Barat,Cipongkor,Neglasari,11
3273017006.0,Jawa Barat,Kota Bandung,Bojongloa Kidul,Cibaduyut Wetan,11
3204046010.0,Jawa Barat,Bandung,Kutawaringin,Gajah Mekar,11
3204046008.0,Jawa Barat,Bandung,Kutawaringin,Padasuka,10
3204008006.0,Jawa Barat,Bandung,Bojongsoang,Tegalluar,10
3204028013.0,Jawa Barat,Bandung,Rancaekek,Nanjung Mekar,10
3217001010.0,Jawa Barat,Bandung Barat,Lembang,Langensari,10
3273007005.0,Jawa Barat,Kota Bandung,Sukajadi,Sukabungah,10
3217003004.0,Jawa Barat,Bandung Barat,Cisarua,Pasirlangu,10
3217003003.0,Jawa Barat,Bandung Barat,Cisarua,Pasirhalang,10
3204039003.0,Jawa Barat,Bandung,Ciwidey,Nengkelan,10
3204034005.0,Jawa Barat,Bandung,Solokanjeruk,Bojongemas,10
3273010004.0,Jawa Barat,Kota Bandung,Astana Anyar,Panjunan,10
3217007009.0,Jawa Barat,Bandung Barat,Cipatat,Cirawamekar,10
3273027001.0,Jawa Barat,Kota Bandung,Gedebage,Cimenerang,9
3273021002.0,Jawa Barat,Kota Bandung,Bandung Kidul,Wates,9
3204038008.0,Jawa Barat,Bandung,Pasirjambu,Mekarmaju,9
3273005002.0,Jawa Barat,Kota Bandung,Andir,Dungus Cariang,9
3204030004.0,Jawa Barat,Bandung,Pacet,Maruyung,9
3217005004.0,Jawa Barat,Bandung Barat,Cipeundeuy,Ciroyom,9
3273012004.0,Jawa Barat,Kota Bandung,Batununggal,Kacapiring,9
3204016010.0,Jawa Barat,Bandung,Arjasari,Rancakole,9
3204033007.0,Jawa Barat,Bandung,Majalaya,Majakerta,9
3204029009.0,Jawa Barat,Bandung,Ciparay,Sagaracipta,9
3217004003.0,Jawa Barat,Bandung Barat,Cikalongwetan,Cipada,9
3204038001.0,Jawa Barat,Bandung,Pasirjambu,Pasirjambu,9
3204029011.0,Jawa Barat,Bandung,Ciparay,Serangmekar,9
3204034002.0,Jawa Barat,Bandung,Solokanjeruk,Solokanjeruk,8
3204016008.0,Jawa Barat,Bandung,Arjasari,Pinggirsari,8
3217011006.0,Jawa Barat,Bandung Barat,Cililin,Karangtanjung,8
3204006002.0,Jawa Barat,Bandung,Cimenyan,Cibeunying,8
3204017003.0,Jawa Barat,Bandung,Cimaung,Pasirhuni,8
3273014006.0,Jawa Barat,Kota Bandung,Cibeunying Kidul,Pasirlayung,8
3273018004.0,Jawa Barat,Kota Bandung,Cibeunying Kaler,Cigadung,8
3273007002.0,Jawa Barat,Kota Bandung,Sukajadi,Cipedes,8
3217009005.0,Jawa Barat,Bandung Barat,Batujajar,Cangkorah,8
3204033009.0,Jawa Barat,Bandung,Majalaya,Padaulun,8
3204035012.0,Jawa Barat,Bandung,Paseh,Tangsimekar,8
3204027003.0,Jawa Barat,Bandung,Cikancung,Cikasungka,8
3217005002.0,Jawa Barat,Bandung Barat,Cipeundeuy,Ciharashas,8
3217005012.0,Jawa Barat,Bandung Barat,Cipeundeuy,Sukahaji,8
3273024004.0,Jawa Barat,Kota Bandung,Arcamanik,Cisaranten Endah,8
3204037017.0,Jawa Barat,Bandung,Soreang,Karamatmulya,8
3217014001.0,Jawa Barat,Bandung Barat,Sindangkerta,Cintakarya,8
3217005006.0,Jawa Barat,Bandung Barat,Cipeundeuy,Margalaksana,8
3204010006.0,Jawa Barat,Bandung,Margaasih,Cigondewah Hilir,8
3204035008.0,Jawa Barat,Bandung,Paseh,Sukamanah,8
3204025012.0,Jawa Barat,Bandung,Cicalengka,Nagrog,8
3204038005.0,Jawa Barat,Bandung,Pasirjambu,Cisondari,8
3217004012.0,Jawa Barat,Bandung Barat,Cikalongwetan,Tenjolaut,8
3217015004.0,Jawa Barat,Bandung Barat,Gununghalu,Celak,8
3217013002.0,Jawa Barat,Bandung Barat,Rongga,Bojong,8
3204006001.0,Jawa Barat,Bandung,Cimenyan,Padasuka,8
3204013006.0,Jawa Barat,Bandung,Banjaran,Sindangpanon,7
3217004009.0,Jawa Barat,Bandung Barat,Cikalongwetan,Mekarjaya,7
3204033008.0,Jawa Barat,Bandung,Majalaya,Sukamaju,7
3204036011.0,Jawa Barat,Bandung,Ibun,Cibeet,7
3204037010.0,Jawa Barat,Bandung,Soreang,Sukajadi,7
3204006003.0,Jawa Barat,Bandung,Cimenyan,Cimenyan,7
3204034006.0,Jawa Barat,Bandung,Solokanjeruk,Padamukti,7
3204033003.0,Jawa Barat,Bandung,Majalaya,Biru,7
3217004005.0,Jawa Barat,Bandung Barat,Cikalongwetan,Ganjarsari,7
3273027003.0,Jawa Barat,Kota Bandung,Gedebage,Rancabolang,7
3204034004.0,Jawa Barat,Bandung,Solokanjeruk,Panyadap,7
3273030002.0,Jawa Barat,Kota Bandung,Mandalajati,Karang Pamulang,7
3217007011.0,Jawa Barat,Bandung Barat,Cipatat,Sumurbandung,7
3217012002.0,Jawa Barat,Bandung Barat,Cipongkor,Baranangsiang,7
3273017005.0,Jawa Barat,Kota Bandung,Bojongloa Kidul,Cibaduyut Kidul,7
3217003005.0,Jawa Barat,Bandung Barat,Cisarua,Cipada,7
3217012001.0,Jawa Barat,Bandung Barat,Cipongkor,Sarinagen,7
3204046009.0,Jawa Barat,Bandung,Kutawaringin,Buninagara,7
3204025004.0,Jawa Barat,Bandung,Cicalengka,Cikuya,7
3204040005.0,Jawa Barat,Bandung,Rancabali,Alamendah,6
3204005001.0,Jawa Barat,Bandung,Cileunyi,Cileunyi Kulon,6
3204014003.0,Jawa Barat,Bandung,Pameungpeuk,Rancatungku,6
3217011004.0,Jawa Barat,Bandung Barat,Cililin,Bongas,6
3204028005.0,Jawa Barat,Bandung,Rancaekek,Jelegong,6
3204038003.0,Jawa Barat,Bandung,Pasirjambu,Cikoneng,6
3217012014.0,Jawa Barat,Bandung Barat,Cipongkor,Sukamulya,6
3204030001.0,Jawa Barat,Bandung,Pacet,Cipeujeuh,6
3204044001.0,Jawa Barat,Bandung,Cangkuang,Cangkuang,6
3204005002.0,Jawa Barat,Bandung,Cileunyi,Cileunyi Wetan,6
3217014002.0,Jawa Barat,Bandung Barat,Sindangkerta,Sindangkerta,6
3217007004.0,Jawa Barat,Bandung Barat,Cipatat,Rajamandalakulon,6
3217012008.0,Jawa Barat,Bandung Barat,Cipongkor,Cicangkanghilir,6
3204044007.0,Jawa Barat,Bandung,Cangkuang,Tanjungsari,6
3217012004.0,Jawa Barat,Bandung Barat,Cipongkor,Cijenuk,6
3217002004.0,Jawa Barat,Bandung Barat,Parongpong,Cihideung,5
3204029004.0,Jawa Barat,Bandung,Ciparay,Cikoneng,5
3204016009.0,Jawa Barat,Bandung,Arjasari,Patrolsari,5
3204038010.0,Jawa Barat,Bandung,Pasirjambu,Tenjolaya,5
3204035003.0,Jawa Barat,Bandung,Paseh,Loa,5
3273025004.0,Jawa Barat,Kota Bandung,Cibiru,Cisurupan,5
3204027002.0,Jawa Barat,Bandung,Cikancung,Cikancung,5
3204028001.0,Jawa Barat,Bandung,Rancaekek,Rancaekek Wetan,5
3204015007.0,Jawa Barat,Bandung,Pangalengan,Margamulya,5
3204046006.0,Jawa Barat,Bandung,Kutawaringin,Kutawaringin,5
3204007006.0,Jawa Barat,Bandung,Cilengkrang,Girimekar,5
3204026001.0,Jawa Barat,Bandung,Nagreg,Nagreg,5
3217004010.0,Jawa Barat,Bandung Barat,Cikalongwetan,Puteran,5
3273025001.0,Jawa Barat,Kota Bandung,Cibiru,Palasari,5
3217015003.0,Jawa Barat,Bandung Barat,Gununghalu,Bunijaya,5
3273015008.0,Jawa Barat,Kota Bandung,Bandung Kulon,Cigondewah Kidul,5
3217005008.0,Jawa Barat,Bandung Barat,Cipeundeuy,Nanggeleng,5
3217013006.0,Jawa Barat,Bandung Barat,Rongga,Cinengah,5
3204036012.0,Jawa Barat,Bandung,Ibun,Karyalaksana,5
3204030008.0,Jawa Barat,Bandung,Pacet,Mekarjaya,5
3204028012.0,Jawa Barat,Bandung,Rancaekek,Sangiang,5
3204038004.0,Jawa Barat,Bandung,Pasirjambu,Cukanggenteng,5
3217007002.0,Jawa Barat,Bandung Barat,Cipatat,Cipatat,5
3204027006.0,Jawa Barat,Bandung,Cikancung,Hegarmanah,5
3217015002.0,Jawa Barat,Bandung Barat,Gununghalu,Gununghalu,4
3204027004.0,Jawa Barat,Bandung,Cikancung,Cihanyir,4
3204027005.0,Jawa Barat,Bandung,Cikancung,Ciluluk,4
3204017008.0,Jawa Barat,Bandung,Cimaung,Cikalong,4
3204029010.0,Jawa Barat,Bandung,Ciparay,Sarimahi,4
3273006005.0,Jawa Barat,Kota Bandung,Cicendo,Pamoyanan,4
3217001011.0,Jawa Barat,Bandung Barat,Lembang,Mekarwangi,4
3204038002.0,Jawa Barat,Bandung,Pasirjambu,Cibodas,4
3217014008.0,Jawa Barat,Bandung Barat,Sindangkerta,Puncaksari,4
3273024002.0,Jawa Barat,Kota Bandung,Arcamanik,Cisaranten Bina Harapan,4
3204044003.0,Jawa Barat,Bandung,Cangkuang,Nagrak,4
3217010010.0,Jawa Barat,Bandung Barat,Cihampelas,Tanjungjaya,4
3217001012.0,Jawa Barat,Bandung Barat,Lembang,Cibogo,4
3204013005.0,Jawa Barat,Bandung,Banjaran,Ciapus,4
3217010009.0,Jawa Barat,Bandung Barat,Cihampelas,Tanjungwangi,4
3204038007.0,Jawa Barat,Bandung,Pasirjambu,Mekarsari,4
3204044006.0,Jawa Barat,Bandung,Cangkuang,Jatisari,4
3217005003.0,Jawa Barat,Bandung Barat,Cipeundeuy,Bojongmekar,4
3273026007.0,Jawa Barat,Kota Bandung,Ujungberung,Pasanggrahan,4
3217013008.0,Jawa Barat,Bandung Barat,Rongga,Sukaresmi,4
3273026006.0,Jawa Barat,Kota Bandung,Ujungberung,Pasirjati,4
3204046011.0,Jawa Barat,Bandung,Kutawaringin,Cilame,4
3217008003.0,Jawa Barat,Bandung Barat,Padalarang,Cimerang,4
3217006011.0,Jawa Barat,Bandung Barat,Ngamprah,Pakuhaji,3
3204039006.0,Jawa Barat,Bandung,Ciwidey,Rawabogo,3
3204028009.0,Jawa Barat,Bandung,Rancaekek,Sukamanah,3
3204044004.0,Jawa Barat,Bandung,Cangkuang,Bandasari,3
3204025010.0,Jawa Barat,Bandung,Cicalengka,Tenjolaya,3
3204025007.0,Jawa Barat,Bandung,Cicalengka,Narawita,3
3204006006.0,Jawa Barat,Bandung,Cimenyan,Ciburial,3
3217001002.0,Jawa Barat,Bandung Barat,Lembang,Kayuambon,3
3204035001.0,Jawa Barat,Bandung,Paseh,Cigentur,3
3204036004.0,Jawa Barat,Bandung,Ibun,Talun,3
3217002001.0,Jawa Barat,Bandung Barat,Parongpong,Karyawangi,3
3204025003.0,Jawa Barat,Bandung,Cicalengka,Babakan Peuteuy,3
3204026005.0,Jawa Barat,Bandung,Nagreg,Citaman,3
3204036009.0,Jawa Barat,Bandung,Ibun,Sudi,3
3204035011.0,Jawa Barat,Bandung,Paseh,Mekarpawitan,3
3204015006.0,Jawa Barat,Bandung,Pangalengan,Margamukti,3
3217012005.0,Jawa Barat,Bandung Barat,Cipongkor,Cijambu,3
3204026008.0,Jawa Barat,Bandung,Nagreg,Ganjar Sabar,3
3217014004.0,Jawa Barat,Bandung Barat,Sindangkerta,Cikadu,3
3217013001.0,Jawa Barat,Bandung Barat,Rongga,Cibedug,2
3217006005.0,Jawa Barat,Bandung Barat,Ngamprah,Cimanggu,2
3204030013.0,Jawa Barat,Bandung,Pacet,Mekarsari,2
3273029001.0,Jawa Barat,Kota Bandung,Cinambo,Cisaranten Wetan,2
3217001006.0,Jawa Barat,Bandung Barat,Lembang,Cikole,2
3204036001.0,Jawa Barat,Bandung,Ibun,Ibun,2
3204033005.0,Jawa Barat,Bandung,Majalaya,Bojong,2
3204029001.0,Jawa Barat,Bandung,Ciparay,Ciparay,2
3204035004.0,Jawa Barat,Bandung,Paseh,Cijagra,2
3204016004.0,Jawa Barat,Bandung,Arjasari,Ancolmekar,2
3204006007.0,Jawa Barat,Bandung,Cimenyan,Sindanglaya,2
3273029002.0,Jawa Barat,Kota Bandung,Cinambo,Pakemitan,2
3217001007.0,Jawa Barat,Bandung Barat,Lembang,Gudangkahuripan,2
3204029005.0,Jawa Barat,Bandung,Ciparay,Ciheulang,2
3204015009.0,Jawa Barat,Bandung,Pangalengan,Sukaluyu,2
3273029003.0,Jawa Barat,Kota Bandung,Cinambo,Sukamulya,2
3204007003.0,Jawa Barat,Bandung,Cilengkrang,Cipanjalu,2
3204006005.0,Jawa Barat,Bandung,Cimenyan,Cikadut,2
3204029007.0,Jawa Barat,Bandung,Ciparay,Sumbersari,2
3204035007.0,Jawa Barat,Bandung,Paseh,Drawati,2
3217003008.0,Jawa Barat,Bandung Barat,Cisarua,Sadangmekar,2
3217007010.0,Jawa Barat,Bandung Barat,Cipatat,Mandalasari,2
3204033010.0,Jawa Barat,Bandung,Majalaya,Neglasari,2
3204027008.0,Jawa Barat,Bandung,Cikancung,Tanjunglaya,2
3204028008.0,Jawa Barat,Bandung,Rancaekek,Haurpugur,2
3204017009.0,Jawa Barat,Bandung,Cimaung,Malasari,2
3204038006.0,Jawa Barat,Bandung,Pasirjambu,Margamulya,2
3217016006.0,Jawa Barat,Bandung Barat,Saguling,Saguling,2
3217012006.0,Jawa Barat,Bandung Barat,Cipongkor,Cibenda,2
3217003007.0,Jawa Barat,Bandung Barat,Cisarua,Tugumukti,2
3204026003.0,Jawa Barat,Bandung,Nagreg,Ciaro,2
3217015009.0,Jawa Barat,Bandung Barat,Gununghalu,Wargasaluyu,2
3204015003.0,Jawa Barat,Bandung,Pangalengan,Warnasari,2
3204028004.0,Jawa Barat,Bandung,Rancaekek,Bojongloa,1
3204026007.0,Jawa Barat,Bandung,Nagreg,Nagreg Kendan,1
3217012010.0,Jawa Barat,Bandung Barat,Cipongkor,Karangsari,1
3204027001.0,Jawa Barat,Bandung,Cikancung,Mandalasari,1
3204029014.0,Jawa Barat,Bandung,Ciparay,Mekarlaksana,1
3204015010.0,Jawa Barat,Bandung,Pangalengan,Tribaktimulya,1
3204006008.0,Jawa Barat,Bandung,Cimenyan,Mekarsaluyu,1
3204032008.0,Jawa Barat,Bandung,Baleendah,Wargamekar,1
3217013004.0,Jawa Barat,Bandung Barat,Rongga,Cibitung,1
3204046005.0,Jawa Barat,Bandung,Kutawaringin,Cibodas,1
3204046002.0,Jawa Barat,Bandung,Kutawaringin,Jatisari,1
3217012013.0,Jawa Barat,Bandung Barat,Cipongkor,Sirnagalih,1
3204029003.0,Jawa Barat,Bandung,Ciparay,Mekarsari,1
3204046007.0,Jawa Barat,Bandung,Kutawaringin,Sukamulya,1
3204025001.0,Jawa Barat,Bandung,Cicalengka,Cicalengka Kulon,1
3217015007.0,Jawa Barat,Bandung Barat,Gununghalu,Sukasari,1
3204026004.0,Jawa Barat,Bandung,Nagreg,Ciherang,1
3217006010.0,Jawa Barat,Bandung Barat,Ngamprah,Sukatani,1
3204007004.0,Jawa Barat,Bandung,Cilengkrang,Melatiwangi,1
3204028003.0,Jawa Barat,Bandung,Rancaekek,Bojongsalam,1
3204035002.0,Jawa Barat,Bandung,Paseh,Cipedes,1
3204038009.0,Jawa Barat,Bandung,Pasirjambu,Sugihmukti,1
3204025006.0,Jawa Barat,Bandung,Cicalengka,Margaasih,1
3217016002.0,Jawa Barat,Bandung Barat,Saguling,Jati,1
3204017007.0,Jawa Barat,Bandung,Cimaung,Sukamaju,1
3204030012.0,Jawa Barat,Bandung,Pacet,Tanjungwangi,1
3217007005.0,Jawa Barat,Bandung Barat,Cipatat,Mandalawangi,1
3204026006.0,Jawa Barat,Bandung,Nagreg,Mandalawangi,1
3217015008.0,Jawa Barat,Bandung Barat,Gununghalu,Tamanjaya,1
3204029012.0,Jawa Barat,Bandung,Ciparay,Babakan,1
3217014007.0,Jawa Barat,Bandung Barat,Sindangkerta,Pasirpogor,1
3204039004.0,Jawa Barat,Bandung,Ciwidey,Panundaan,1
3204007005.0,Jawa Barat,Bandung,Cilengkrang,Ciporeat,1
